{
  "final_score": 0.831272470422976,
  "final_faithfulness": 1.0,
  "final_relevance": 0.5781811760574401,
  "total_iterations": 2,
  "target_ragas": 0.95,
  "target_faithfulness": 0.95,
  "target_reached": false,
  "timestamp": "2025-12-10T20:07:34.867364"
}